date,iso_week,close,volume,close_point_relative_normalization,volume_point_relative_normalization
2016-01-01,2016-00,434.33,36278900,0,0
2016-01-02,2016-00,433.44,30096600,-0.002049133148,-0.1704103487
2016-01-03,2016-01,430.01,39633800,0,0
2016-01-04,2016-01,433.09,38477500,0.007162624125,-0.0291745934
2016-01-05,2016-01,431.96,34522600,0.004534778261,-0.1289606346
2016-01-06,2016-01,429.11,34042500,-0.002092974582,-0.1410740328
2016-01-07,2016-01,458.05,87562200,0.06520778587,1.209280967
2016-01-08,2016-01,453.23,56993000,0.05399874422,0.4379897966
2016-01-09,2016-01,447.61,32278000,0.04092928071,-0.1855941141
2016-01-10,2016-02,447.99,35995900,0,0
2016-01-11,2016-02,448.43,40450000,0.0009821647805,0.1237390925
2016-01-12,2016-02,435.69,115607000,-0.02745597,2.211671329
2016-01-13,2016-02,432.37,173888000,-0.03486684971,3.830772394
2016-01-14,2016-02,430.31,43945500,-0.03946516663,0.2208473743
2016-01-15,2016-02,364.33,153351000,-0.1867452398,3.260235193
2016-01-16,2016-02,387.54,120352000,-0.1349360477,2.343491898
2016-01-17,2016-03,382.3,45319600,0,0
2016-01-18,2016-03,387.17,54403900,0.0127386869,0.2004496951
2016-01-19,2016-03,380.15,46819800,-0.005623855611,0.03310267522
2016-01-20,2016-03,420.23,121720000,0.09921527596,1.685813644
2016-01-21,2016-03,410.26,68338000,0.07313628041,0.5079126912
2016-01-22,2016-03,382.49,91546600,0.0004969918912,1.020022242
2016-01-23,2016-03,387.49,56247400,0.01357572587,0.2411274592
2016-01-24,2016-04,402.97,54824800,0,0
2016-01-25,2016-04,391.73,59062400,-0.02789289525,0.07729348762
2016-01-26,2016-04,392.15,58147000,-0.02685063404,0.06059666428
2016-01-27,2016-04,394.97,47424400,-0.01985259449,-0.1349827086
2016-01-28,2016-04,380.29,59247900,-0.05628210537,0.08067699289
2016-01-29,2016-04,379.47,86125300,-0.0583169963,0.5709186354
2016-01-30,2016-04,378.25,30284400,-0.06134451696,-0.447614948
2016-01-31,2016-05,368.77,37894300,0,0
2016-02-01,2016-05,373.06,51656700,0.01163326735,0.3631786311
2016-02-02,2016-05,374.45,40378700,0.01540255444,0.06556131133
2016-02-03,2016-05,369.95,45933400,0.00319982645,0.2121453622
2016-02-04,2016-05,389.59,69285500,0.05645795482,0.8283884384
2016-02-05,2016-05,386.55,43825000,0.04821433414,0.1565063875
2016-02-06,2016-05,376.52,49249300,0.02101580931,0.2996492876
2016-02-07,2016-06,376.62,37076300,0,0
2016-02-08,2016-06,373.45,47671100,-0.008416972014,0.2857566694
2016-02-09,2016-06,376.03,55318500,-0.001566565769,0.4920178119
2016-02-10,2016-06,381.65,85130900,0.01335563698,1.296100204
2016-02-11,2016-06,379.65,74375600,0.008045244544,1.006014624
2016-02-12,2016-06,384.26,67042800,0.02028569911,0.8082386862
2016-02-13,2016-06,391.86,61911700,0.04046519038,0.6698456966
2016-02-14,2016-07,407.23,74469800,0,0
2016-02-15,2016-07,400.19,74070500,-0.01728752793,-0.005361905094
2016-02-16,2016-07,407.49,73093100,0.0006384598384,-0.01848668856
2016-02-17,2016-07,416.32,83193600,0.0223215382,0.1171454737
2016-02-18,2016-07,422.37,76752600,0.03717800751,0.03065403694
2016-02-19,2016-07,420.79,55711300,0.03329813619,-0.2518940564
2016-02-20,2016-07,437.16,93992100,0.07349654986,0.262150563
2016-02-21,2016-08,438.8,89820700,0,0
2016-02-22,2016-08,437.75,85385200,-0.002392889699,-0.04938171268
2016-02-23,2016-08,420.74,85244900,-0.04115770283,-0.05094371342
2016-02-24,2016-08,424.95,67743700,-0.0315633546,-0.2457896676
2016-02-25,2016-08,424.54,70798000,-0.03249772106,-0.2117852566
2016-02-26,2016-08,432.15,61486000,-0.01515496809,-0.3154584634
2016-02-27,2016-08,432.52,41893600,-0.01431175934,-0.5335863559
2016-02-28,2016-09,433.5,53033400,0,0
2016-02-29,2016-09,437.7,60694700,0.009688581315,0.144461792
2016-03-01,2016-09,435.12,74895800,0.003737024221,0.4122383253
2016-03-02,2016-09,423.99,74955300,-0.02193771626,0.4133602598
2016-03-03,2016-09,421.65,100484000,-0.02733564014,0.8947304906
2016-03-04,2016-09,410.94,90856100,-0.05204152249,0.7131864071
2016-03-05,2016-09,400.57,135385000,-0.07596309112,1.552825201
2016-03-06,2016-10,407.71,91212500,0,0
2016-03-07,2016-10,414.32,85762400,0.01621250399,-0.05975167877
2016-03-08,2016-10,413.97,70311700,0.01535405067,-0.2291440318
2016-03-09,2016-10,414.86,70012300,0.01753697481,-0.2324264766
2016-03-10,2016-10,417.13,81022900,0.02310465772,-0.1117127587
2016-03-11,2016-10,421.69,73969700,0.03428907802,-0.1890398794
2016-03-12,2016-10,411.62,92712900,0.009590149861,0.01644949979
2016-03-13,2016-11,414.06,74322800,0,0
2016-03-14,2016-11,416.44,95259400,0.005747959233,0.2816982137
2016-03-15,2016-11,416.83,66781700,0.006689851712,-0.1014641537
2016-03-16,2016-11,417.01,65185800,0.007124571318,-0.1229367031
2016-03-17,2016-11,420.62,83528600,0.01584311452,0.1238623949
2016-03-18,2016-11,409.55,104940000,-0.01089214124,0.4119489578
2016-03-19,2016-11,410.44,58423000,-0.008742694296,-0.2139289693
2016-03-20,2016-12,413.75,45947900,0,0
2016-03-21,2016-12,413.31,61655400,-0.001063444109,0.3418545788
2016-03-22,2016-12,418.09,66813300,0.01048942598,0.4541099811
2016-03-23,2016-12,418.04,61444200,0.01036858006,0.3372580684
2016-03-24,2016-12,416.39,68346700,0.006380664653,0.4874825618
2016-03-25,2016-12,417.18,52560000,0.008290030211,0.1439042916
2016-03-26,2016-12,417.94,44650400,0.01012688822,-0.02823850492
2016-03-27,2016-13,426.76,71229400,0,0
2016-03-28,2016-13,424.23,68522800,-0.005928390665,-0.03799835461
2016-03-29,2016-13,416.52,75411500,-0.02399475115,0.05871311565
2016-03-30,2016-13,414.82,66034100,-0.02797825476,-0.07293757915
2016-03-31,2016-13,416.73,60215200,-0.02350267129,-0.1546299702
2016-04-01,2016-13,417.96,51235700,-0.02062048927,-0.2806944885
2016-04-02,2016-13,420.87,45681200,-0.01380166839,-0.3586749292
2016-04-03,2016-14,420.9,38053700,0,0
2016-04-04,2016-14,421.44,50634300,0.001282965075,0.3306012293
2016-04-05,2016-14,424.03,60718000,0.007436445712,0.5955872885
2016-04-06,2016-14,423.41,59091000,0.005963411737,0.5528319191
2016-04-07,2016-14,422.75,57858600,0.004395343312,0.5204461064
2016-04-08,2016-14,420.35,63454700,-0.001306723687,0.6675040798
2016-04-09,2016-14,419.41,49792700,-0.003540033262,0.3084851145
2016-04-10,2016-15,421.56,73478600,0,0
2016-04-11,2016-15,422.48,50747500,0.002182370244,-0.3093567379
2016-04-12,2016-15,425.19,70728800,0.008610873897,-0.03742314089
2016-04-13,2016-15,423.73,69060400,0.005147547206,-0.06012907159
2016-04-14,2016-15,424.28,45281000,0.006452225069,-0.3837525484
2016-04-15,2016-15,429.71,54801500,0.01933295379,-0.2541842115
2016-04-16,2016-15,430.57,39392800,0.02137299554,-0.4638874448
2016-04-17,2016-16,427.4,52125900,0,0
2016-04-18,2016-16,428.59,55670900,0.002784277024,0.06800841808
2016-04-19,2016-16,435.51,52810500,0.01897519888,0.01313358618
2016-04-20,2016-16,441.39,72890100,0.03273280299,0.3983470789
2016-04-21,2016-16,449.43,68204700,0.05154422087,0.3084608611
2016-04-22,2016-16,445.74,58804400,0.04291062237,0.1281224881
2016-04-23,2016-16,450.28,50485400,0.05353299017,-0.03147187866
2016-04-24,2016-17,458.56,68198400,0,0
2016-04-25,2016-17,461.43,87091800,0.006258722959,0.2770358249
2016-04-26,2016-17,466.09,78971900,0.01642096999,0.1579729143
2016-04-27,2016-17,444.69,93564900,-0.03024685973,0.3719515414
2016-04-28,2016-17,449.01,74064700,-0.0208260642,0.08601814705
2016-04-29,2016-17,455.1,49258500,-0.007545359386,-0.2777176591
2016-04-30,2016-17,448.32,69322600,-0.0223307746,0.0164842577
2016-05-01,2016-18,451.88,40660100,0,0
2016-05-02,2016-18,444.67,92127000,-0.01595556342,1.265783901
2016-05-03,2016-18,450.3,59366400,-0.003496503497,0.4600652728
2016-05-04,2016-18,446.72,50407300,-0.01141896079,0.2397239554
2016-05-05,2016-18,447.98,50440800,-0.008630609896,0.240547859
2016-05-06,2016-18,459.6,72796800,0.01708418164,0.7903743473
2016-05-07,2016-18,458.54,38364500,0.01473842613,-0.05645829695
2016-05-08,2016-19,458.55,40315000,0,0
2016-05-09,2016-19,460.48,55493100,0.00420891942,0.3764876597
2016-05-10,2016-19,450.89,58956100,-0.01670483044,0.4623862086
2016-05-11,2016-19,452.73,50605200,-0.01269218188,0.255244946
2016-05-12,2016-19,454.77,59849300,-0.008243375859,0.4845417338
2016-05-13,2016-19,455.67,60845000,-0.006280667321,0.5092397371
2016-05-14,2016-19,455.67,37209000,-0.006280667321,-0.07704328414
2016-05-15,2016-20,457.57,28514000,0,0
2016-05-16,2016-20,454.16,59171500,-0.007452411653,1.075173599
2016-05-17,2016-20,453.78,64100300,-0.008282885679,1.248029038
2016-05-18,2016-20,454.62,86850100,-0.00644710099,2.04587571
2016-05-19,2016-20,438.71,96027400,-0.04121773718,2.367728134
2016-05-20,2016-20,442.68,81987900,-0.03254146906,1.875355965
2016-05-21,2016-20,443.19,42762300,-0.0314268855,0.4996948867
2016-05-22,2016-21,439.32,39657600,0,0
2016-05-23,2016-21,444.15,50582500,0.01099426386,0.2754806141
2016-05-24,2016-21,445.98,65783100,0.01515979241,0.6587766279
2016-05-25,2016-21,449.6,65231000,0.02339979969,0.6448549584
2016-05-26,2016-21,453.38,65203800,0.03200400619,0.6441690874
2016-05-27,2016-21,473.46,164781000,0.07771100792,3.155092593
2016-05-28,2016-21,530.04,181199000,0.206500956,3.569086379
2016-05-29,2016-22,526.23,148737000,0,0
2016-05-30,2016-22,533.86,87958700,0.0144993634,-0.4086293256
2016-05-31,2016-22,531.39,138450000,0.009805598313,-0.06916234696
2016-06-01,2016-22,536.92,86061800,0.02031431123,-0.4213827091
2016-06-02,2016-22,537.97,60378200,0.02230963647,-0.5940606574
2016-06-03,2016-22,569.19,122020000,0.08163730688,-0.1796257824
2016-06-04,2016-22,572.73,94925300,0.0883644034,-0.3617909464
2016-06-05,2016-23,574.98,68874100,0,0
2016-06-06,2016-23,585.54,72138900,0.0183658562,0.0474024343
2016-06-07,2016-23,576.6,107770000,0.002817489304,0.56473914
2016-06-08,2016-23,581.64,80265800,0.01158301158,0.1653988945
2016-06-09,2016-23,574.63,71301000,-0.0006087168249,0.03523675808
2016-06-10,2016-23,577.47,66991900,0.004330585412,-0.0273281248
2016-06-11,2016-23,606.73,82357000,0.05521931198,0.1957615417
2016-06-12,2016-24,672.78,277085000,0,0
2016-06-13,2016-24,704.38,243295000,0.0469692916,-0.1219481387
2016-06-14,2016-24,685.56,186694000,0.01899580844,-0.3262211957
2016-06-15,2016-24,694.47,99223800,0.03223936502,-0.6419012216
2016-06-16,2016-24,766.31,271634000,0.1390201849,-0.01967266362
2016-06-17,2016-24,748.91,363321000,0.1131573471,0.3112257971
2016-06-18,2016-24,756.23,252718000,0.1240375754,-0.08794052367
2016-06-19,2016-25,763.78,136185000,0,0
2016-06-20,2016-25,737.23,174511000,-0.0347613187,0.2814260014
2016-06-21,2016-25,666.65,309944000,-0.1271701275,1.275904101
2016-06-22,2016-25,596.12,266393000,-0.2195134725,0.9561111723
2016-06-23,2016-25,623.98,253462000,-0.1830370002,0.8611594522
2016-06-24,2016-25,665.3,224317000,-0.1289376522,0.6471490987
2016-06-25,2016-25,665.12,126656000,-0.1291733222,-0.06997099534
2016-06-26,2016-26,629.37,109225000,0,0
2016-06-27,2016-26,655.27,122134000,0.04115226337,0.1181872282
2016-06-28,2016-26,647,138385000,0.02801213912,0.2669718471
2016-06-29,2016-26,639.89,142456000,0.01671512783,0.304243534
2016-06-30,2016-26,673.34,138980000,0.06986351431,0.2724193179
2016-07-01,2016-26,676.3,134431000,0.07456663012,0.2307713436
2016-07-02,2016-26,703.7,112354000,0.1181022292,0.02864728771
2016-07-03,2016-27,658.66,129512000,0,0
2016-07-04,2016-27,683.66,92008400,0.03795584976,-0.2895762555
2016-07-05,2016-27,670.63,130476000,0.01817326086,0.007443325715
2016-07-06,2016-27,677.33,134961000,0.0283454286,0.04207332139
2016-07-07,2016-27,640.56,258091000,-0.02748003522,0.9927960343
2016-07-08,2016-27,666.52,141970000,0.01193331916,0.09619185867
2016-07-09,2016-27,650.96,180536000,-0.01169040172,0.393971215
2016-07-10,2016-28,649.36,102532000,0,0
2016-07-11,2016-28,647.66,107910000,-0.002617962301,0.05245191745
2016-07-12,2016-28,664.55,138173000,0.02339226315,0.3476085515
2016-07-13,2016-28,654.47,131449000,0.007869286682,0.2820290251
2016-07-14,2016-28,658.08,98511400,0.01342860663,-0.03921312371
2016-07-15,2016-28,663.25,81673100,0.02139029198,-0.2034379511
2016-07-16,2016-28,660.77,50330200,0.01757114698,-0.5091269067
2016-07-17,2016-29,679.46,74407900,0,0
2016-07-18,2016-29,673.11,69465000,-0.009345656845,-0.06642977426
2016-07-19,2016-29,672.86,61203300,-0.009713596091,-0.1774623393
2016-07-20,2016-29,665.68,94636400,-0.02028081123,0.2718595741
2016-07-21,2016-29,665.01,60491800,-0.02126688841,-0.1870244961
2016-07-22,2016-29,650.62,134169000,-0.0424454714,0.8031553101
2016-07-23,2016-29,655.56,69532200,-0.03517499191,-0.06552664435
2016-07-24,2016-30,661.28,118184000,0,0
2016-07-25,2016-30,654.1,78176500,-0.01085773046,-0.3385187504
2016-07-26,2016-30,651.78,225135000,-0.01436607791,0.9049532932
2016-07-27,2016-30,654.35,147461000,-0.01047967578,0.2477238882
2016-07-28,2016-30,655.03,86428400,-0.009451367046,-0.2686962702
2016-07-29,2016-30,656.99,60703500,-0.00648741834,-0.4863644825
2016-07-30,2016-30,655.05,38456100,-0.009421122671,-0.674608238
2016-07-31,2016-31,624.68,110818000,0,0
2016-08-01,2016-31,606.27,121887000,-0.0294710892,0.0998844953
2016-08-02,2016-31,547.47,330933000,-0.1235992828,1.986274793
2016-08-03,2016-31,566.36,207982000,-0.09335980022,0.8767889693
2016-08-04,2016-31,578.29,125292000,-0.07426202216,0.1306105506
2016-08-05,2016-31,575.04,66127900,-0.07946468592,-0.4032747388
2016-08-06,2016-31,587.78,80797300,-0.05907024396,-0.2709009367
2016-08-07,2016-32,592.69,82398400,0,0
2016-08-08,2016-32,591.05,61194100,-0.002767045167,-0.2573387347
2016-08-09,2016-32,587.8,92228100,-0.008250518821,0.1192947921
2016-08-10,2016-32,592.1,102905000,-0.000995461371,0.2488713373
2016-08-11,2016-32,589.12,74514400,-0.006023384906,-0.09568146954
2016-08-12,2016-32,587.56,69218000,-0.00865545226,-0.1599594167
2016-08-13,2016-32,585.59,43563000,-0.01197928091,-0.4713125498
2016-08-14,2016-33,570.47,60851100,0,0
2016-08-15,2016-33,567.24,57262300,-0.005661998002,-0.05897674816
2016-08-16,2016-33,577.44,58405200,0.01221799569,-0.04019483625
2016-08-17,2016-33,573.22,54443000,0.004820586534,-0.1053078745
2016-08-18,2016-33,574.32,59896600,0.006748821147,-0.01568582984
2016-08-19,2016-33,575.63,50631600,0.009045173278,-0.1679427323
2016-08-20,2016-33,581.7,45301400,0.01968552246,-0.2555368761
2016-08-21,2016-34,581.31,38299400,0,0
2016-08-22,2016-34,586.75,72844000,0.00935817378,0.9019619106
2016-08-23,2016-34,583.41,85349200,0.003612530319,1.228473553
2016-08-24,2016-34,580.18,56328200,-0.001943885362,0.470733223
2016-08-25,2016-34,577.76,136130000,-0.006106896492,2.554363776
2016-08-26,2016-34,579.65,48856800,-0.002855619205,0.2756544489
2016-08-27,2016-34,569.95,59698300,-0.01954206878,0.5587267686
2016-08-28,2016-35,573.91,86301600,0,0
2016-08-29,2016-35,574.11,110398000,0.0003484866965,0.2792115094
2016-08-30,2016-35,577.5,70342400,0.006255336203,-0.1849235704
2016-08-31,2016-35,575.47,75840900,0.002718196233,-0.1212109625
2016-09-01,2016-35,572.3,76923400,-0.002805317907,-0.108667742
2016-09-02,2016-35,575.54,79910800,0.002840166577,-0.07405192951
2016-09-03,2016-35,598.21,159014000,0.04234113363,0.8425382612
2016-09-04,2016-36,608.63,97942900,0,0
2016-09-05,2016-36,606.59,82446800,-0.003351790086,-0.1582156542
2016-09-06,2016-36,610.44,78529100,0.002973892184,-0.1982154909
2016-09-07,2016-36,614.54,75032400,0.009710333043,-0.2339169046
2016-09-08,2016-36,626.32,86713000,0.02906527775,-0.1146576219
2016-09-09,2016-36,622.86,64550200,0.02338037888,-0.3409404868
2016-09-10,2016-36,623.51,45016800,0.02444835122,-0.5403770973
2016-09-11,2016-37,606.72,73610800,0,0
2016-09-12,2016-37,608.24,72812300,0.002505274262,-0.01084759302
2016-09-13,2016-37,609.24,86920600,0.004153481013,0.1808131415
2016-09-14,2016-37,610.68,47877700,0.006526898734,-0.3495832133
2016-09-15,2016-37,607.15,59464600,0.000708728903,-0.1921756047
2016-09-16,2016-37,606.97,64963400,0.0004120516878,-0.1174746097
2016-09-17,2016-37,605.98,37140300,-0.001219672996,-0.4954503959
2016-09-18,2016-38,609.87,48679400,0,0
2016-09-19,2016-38,609.23,54796400,-0.001049403971,0.1256589029
2016-09-20,2016-38,608.31,72710900,-0.00255792218,0.4936687798
2016-09-21,2016-38,597.15,82776200,-0.02085690393,0.7004359133
2016-09-22,2016-38,596.3,67085300,-0.02225064358,0.3781044959
2016-09-23,2016-38,602.84,51067000,-0.01152704675,0.04904744101
2016-09-24,2016-38,602.63,35359500,-0.01187138243,-0.2736249831
2016-09-25,2016-39,600.83,33977800,0,0
2016-09-26,2016-39,608.04,59153800,0.01200006657,0.7409543879
2016-09-27,2016-39,606.17,49422400,0.008887705341,0.4545497354
2016-09-28,2016-39,604.73,48722600,0.006491020755,0.4339539346
2016-09-29,2016-39,605.69,55658600,0.008088810479,0.6380872217
2016-09-30,2016-39,609.74,56122400,0.01482948588,0.6517373108
2016-10-01,2016-39,613.98,56357000,0.02188639049,0.6586418191
2016-10-02,2016-40,610.89,39249800,0,0
2016-10-03,2016-40,612.13,46798300,0.002029825337,0.1923194513
2016-10-04,2016-40,610.2,49801600,-0.001129499583,0.2688370387
2016-10-05,2016-40,612.51,68077500,0.002651868585,0.7344674368
2016-10-06,2016-40,613.02,56812100,0.003486716103,0.4474494138
2016-10-07,2016-40,617.12,64071400,0.01019823536,0.6324006747
2016-10-08,2016-40,619.11,42345900,0.01345577764,0.07888193061
2016-10-09,2016-41,616.75,39243400,0,0
2016-10-10,2016-41,618.99,67481100,0.00363194163,0.719552842
2016-10-11,2016-41,641.07,103590000,0.03943250912,1.639679538
2016-10-12,2016-41,636.19,92370200,0.03152006486,1.353776686
2016-10-13,2016-41,636.79,61620700,0.03249290636,0.5702181768
2016-10-14,2016-41,640.38,58144600,0.03831374139,0.4816402249
2016-10-15,2016-41,638.65,39035400,0.03550871504,-0.00530025431
2016-10-16,2016-42,641.63,40298100,0,0
2016-10-17,2016-42,639.19,58063600,-0.003802814706,0.4408520501
2016-10-18,2016-42,637.96,65546700,-0.005719807366,0.6265456684
2016-10-19,2016-42,630.52,69381700,-0.01731527516,0.7217114455
2016-10-20,2016-42,630.86,56957300,-0.01678537475,0.4133991429
2016-10-21,2016-42,632.83,55951000,-0.01371506943,0.3884277423
2016-10-22,2016-42,657.29,78556500,0.02440658947,0.9493847104
2016-10-23,2016-43,657.07,54474600,0,0
2016-10-24,2016-43,653.76,62218200,-0.005037515029,0.1421506537
2016-10-25,2016-43,657.59,90378800,0.0007913920891,0.6590998374
2016-10-26,2016-43,678.3,88877100,0.03231010395,0.6315328612
2016-10-27,2016-43,688.31,96105300,0.04754440166,0.7642222247
2016-10-28,2016-43,689.65,81145500,0.0495837582,0.4896024936
2016-10-29,2016-43,714.48,134761000,0.08737273045,1.473831841
2016-10-30,2016-44,701.86,100665000,0,0
2016-10-31,2016-44,700.97,97064400,-0.001268059157,-0.03576814186
2016-11-01,2016-44,729.79,130527000,0.03979426096,0.2966472955
2016-11-02,2016-44,740.83,84865200,0.05552389365,-0.1569542542
2016-11-03,2016-44,688.7,172808000,-0.0187501781,0.7166641832
2016-11-04,2016-44,703.24,99907700,0.001966204086,-0.007522972235
2016-11-05,2016-44,703.42,53752300,0.002222665489,-0.4660279144
2016-11-06,2016-45,711.52,59902200,0,0
2016-11-07,2016-45,703.13,65047100,-0.0117916573,0.08588833131
2016-11-08,2016-45,709.85,79660800,-0.002347087924,0.3298476517
2016-11-09,2016-45,723.27,132429000,0.01651394198,1.210753528
2016-11-10,2016-45,715.53,68807800,0.005635821902,0.1486689971
2016-11-11,2016-45,716.41,63119700,0.006872610749,0.05371255146
2016-11-12,2016-45,705.05,64622500,-0.009093208905,0.07880011085
2016-11-13,2016-46,702.03,80318100,0,0
2016-11-14,2016-46,705.02,62993000,0.004259077247,-0.2157060488
2016-11-15,2016-46,711.62,72038500,0.01366038488,-0.1030851078
2016-11-16,2016-46,744.2,141294000,0.06006865803,0.7591800603
2016-11-17,2016-46,740.98,108579000,0.05548195946,0.3518621581
2016-11-18,2016-46,751.59,87363100,0.07059527371,0.08771372829
2016-11-19,2016-46,751.62,110608000,0.07063800692,0.3771242099
2016-11-20,2016-47,731.03,154116000,0,0
2016-11-21,2016-47,739.25,60802400,0.01124440857,-0.6054763944
2016-11-22,2016-47,751.35,129906000,0.02779639686,-0.1570894651
2016-11-23,2016-47,744.59,76543800,0.01854917035,-0.5033364479
2016-11-24,2016-47,740.29,85919300,0.01266705881,-0.4425024008
2016-11-25,2016-47,741.65,67807600,0.01452744757,-0.5600223208
2016-11-26,2016-47,735.38,54962700,0.005950508187,-0.6433679826
2016-11-27,2016-48,732.03,52601800,0,0
2016-11-28,2016-48,735.81,61888600,0.005163722798,0.1765490915
2016-11-29,2016-48,735.6,68511100,0.004876849309,0.302447825
2016-11-30,2016-48,745.69,84070800,0.01866043741,0.5982494896
2016-12-01,2016-48,756.77,80461900,0.03379642911,0.5296415712
2016-12-02,2016-48,777.94,127605000,0.06271600891,1.425867556
2016-12-03,2016-48,771.15,69547300,0.05344043277,0.3221467706
2016-12-04,2016-49,773.87,60557900,0,0
2016-12-05,2016-49,758.7,106363000,-0.01960277566,0.7563852115
2016-12-06,2016-49,764.22,116218000,-0.01246979467,0.9191220303
2016-12-07,2016-49,768.13,96426100,-0.007417266466,0.592295968
2016-12-08,2016-49,770.81,80111900,-0.003954152506,0.3228975906
2016-12-09,2016-49,772.79,68705300,-0.001395583237,0.1345390114
2016-12-10,2016-49,774.65,53843100,0.001007921227,-0.1108823126
2016-12-11,2016-50,769.73,57313400,0,0
2016-12-12,2016-50,780.09,76571000,0.01345926494,0.3360051925
2016-12-13,2016-50,780.56,81645600,0.01406986866,0.4245464411
2016-12-14,2016-50,781.48,75979000,0.01526509295,0.3256760199
2016-12-15,2016-50,778.09,81580100,0.01086095124,0.4234036019
2016-12-16,2016-50,784.91,83608200,0.01972120094,0.458789742
2016-12-17,2016-50,790.83,78989800,0.02741220948,0.3782082375
2016-12-18,2016-51,790.53,60524400,0,0
2016-12-19,2016-51,792.71,74886400,0.002757643606,0.2372927282
2016-12-20,2016-51,800.88,99629300,0.01309248226,0.646101407
2016-12-21,2016-51,834.28,155576000,0.05534261824,1.570467448
2016-12-22,2016-51,864.54,200027000,0.09362073546,2.30489852
2016-12-23,2016-51,921.98,275564000,0.1662808496,3.552940632
2016-12-24,2016-51,898.82,137727000,0.1369840487,1.275561592
2016-12-25,2016-52,896.18,143665000,0,0
2016-12-26,2016-52,907.61,123771000,0.01275413421,-0.1384749243
2016-12-27,2016-52,933.2,167308000,0.04130866567,0.1645703546
2016-12-28,2016-52,975.92,236630000,0.08897766074,0.647095674
2016-12-29,2016-52,973.5,199320000,0.08627731036,0.3873942853
2016-12-30,2016-52,961.24,187474000,0.07259702292,0.3049385724
2016-12-31,2016-52,963.74,99135100,0.07538664108,-0.309956496
2017-01-01,2017-01,998.33,147775000,0,0
2017-01-02,2017-01,1021.75,222185000,0.02345917683,0.5035357807
2017-01-03,2017-01,1043.84,185168000,0.04558612884,0.2530400947
2017-01-04,2017-01,1154.73,344946000,0.1566616249,1.33426493
2017-01-05,2017-01,1013.38,510199000,0.01507517554,2.452539333
2017-01-06,2017-01,902.2,351876000,-0.09629080565,1.381160548
2017-01-07,2017-01,908.59,279550000,-0.08989011649,0.8917272881
2017-01-08,2017-02,911.2,158715000,0,0
2017-01-09,2017-02,902.83,141877000,-0.009185689201,-0.1060895316
2017-01-10,2017-02,907.68,115808000,-0.003863037752,-0.2703399175
2017-01-11,2017-02,777.76,310929000,-0.1464442493,0.9590397883
2017-01-12,2017-02,804.83,222326000,-0.1167361721,0.4007875752
2017-01-13,2017-02,823.98,168968000,-0.09571992976,0.06460006931
2017-01-14,2017-02,818.41,93063300,-0.101832748,-0.4136452131
2017-01-15,2017-03,821.8,71013600,0,0
2017-01-16,2017-03,831.53,82755200,0.01183986371,0.1653429766
2017-01-17,2017-03,907.94,155095000,0.1048186907,1.184018273
2017-01-18,2017-03,886.62,225677000,0.07887563884,2.177940563
2017-01-19,2017-03,899.07,105625000,0.09402531029,0.4873911476
2017-01-20,2017-03,895.03,86728400,0.08910927233,0.2212928228
2017-01-21,2017-03,921.79,111158000,0.1216719396,0.5653058006
2017-01-22,2017-04,924.67,116573000,0,0
2017-01-23,2017-04,921.01,73588600,-0.00395816886,-0.3687337548
2017-01-24,2017-04,892.69,111349000,-0.03458531152,-0.04481312139
2017-01-25,2017-04,901.54,120831000,-0.02501432944,0.03652646839
2017-01-26,2017-04,917.59,131958000,-0.007656785664,0.1319773876
2017-01-27,2017-04,919.75,125594000,-0.005320817156,0.07738498623
2017-01-28,2017-04,921.59,68979600,-0.003330918057,-0.408271212
2017-01-29,2017-05,919.5,60851700,0,0
2017-01-30,2017-05,920.38,78227300,0.0009570418706,0.2855400917
2017-01-31,2017-05,970.4,164582000,0.05535617183,1.704640955
2017-02-01,2017-05,989.02,150110000,0.07560630778,1.466816868
2017-02-02,2017-05,1011.8,145821000,0.1003806417,1.396334038
2017-02-03,2017-05,1029.91,201278000,0.1200761283,2.307680804
2017-02-04,2017-05,1042.9,155064000,0.1342033714,1.548227905
2017-02-05,2017-06,1027.34,114208000,0,0
2017-02-06,2017-06,1038.15,111762000,0.01052231978,-0.0214170636
2017-02-07,2017-06,1061.35,146007000,0.03310491171,0.2784305828
2017-02-08,2017-06,1063.07,201855000,0.03477913836,0.7674331045
2017-02-09,2017-06,994.38,407220000,-0.03208285475,2.565599608
2017-02-10,2017-06,988.67,190452000,-0.03764089785,0.6675889605
2017-02-11,2017-06,1004.45,102261000,-0.02228084179,-0.104607383
2017-02-12,2017-07,999.18,67530000,0,0
2017-02-13,2017-07,990.64,100607000,-0.008547008547,0.4898119354
2017-02-14,2017-07,1004.55,137946000,0.005374407014,1.042736562
2017-02-15,2017-07,1007.48,89759400,0.008306811586,0.329178143
2017-02-16,2017-07,1027.44,122277000,0.02828319222,0.8107063527
2017-02-17,2017-07,1046.21,136474000,0.04706859625,1.020938842
2017-02-18,2017-07,1054.42,99073500,0.05528533397,0.4671035096
2017-02-19,2017-08,1047.87,77423300,0,0
2017-02-20,2017-08,1079.98,109478000,0.03064311413,0.4140187773
2017-02-21,2017-08,1115.3,186869000,0.06434958535,1.41360159
2017-02-22,2017-08,1117.44,136100000,0.06639182341,0.7578687553
2017-02-23,2017-08,1166.72,189454000,0.1134205579,1.446989472
2017-02-24,2017-08,1173.68,330759000,0.1200626032,3.272086052
2017-02-25,2017-08,1143.84,139961000,0.09158578831,0.807737464
2017-02-26,2017-09,1165.2,116486000,0,0
2017-02-27,2017-09,1179.97,131570000,0.01267593546,0.1294919561
2017-02-28,2017-09,1179.97,184956000,0.01267593546,0.5877959583
2017-03-01,2017-09,1222.5,229057000,0.04917610711,0.9663908109
2017-03-02,2017-09,1251.01,368275000,0.07364400961,2.161538726
2017-03-03,2017-09,1274.99,315739000,0.09422416752,1.710531738
2017-03-04,2017-09,1255.15,183270000,0.07719704772,0.573322116
2017-03-05,2017-10,1267.12,134127000,0,0
2017-03-06,2017-10,1272.83,153657000,0.004506281962,0.1456082668
2017-03-07,2017-10,1223.54,291256000,-0.0343929541,1.171494181
2017-03-08,2017-10,1150,332603000,-0.09243007766,1.479761718
2017-03-09,2017-10,1188.49,212283000,-0.06205410695,0.5827014695
2017-03-10,2017-10,1116.72,563796000,-0.118694362,3.20344897
2017-03-11,2017-10,1175.83,283320000,-0.07204526801,1.112326377
2017-03-12,2017-11,1221.38,227176000,0,0
2017-03-13,2017-11,1231.92,380277000,0.008629582931,0.6739312251
2017-03-14,2017-11,1240,245306000,0.01524505068,0.07980596542
2017-03-15,2017-11,1249.61,297805000,0.02311319982,0.310899919
2017-03-16,2017-11,1187.81,638568000,-0.02748530351,1.810895517
2017-03-17,2017-11,1100.23,706599000,-0.09919107894,2.110359369
2017-03-18,2017-11,973.82,621302000,-0.2026887619,1.73489277
2017-03-19,2017-12,1036.74,406648000,0,0
2017-03-20,2017-12,1054.23,286530000,0.01687018925,-0.2953856898
2017-03-21,2017-12,1120.54,337391000,0.08083029496,-0.170311916
2017-03-22,2017-12,1049.14,380841000,0.01196056871,-0.06346274911
2017-03-23,2017-12,1038.59,248540000,0.001784439686,-0.3888080109
2017-03-24,2017-12,937.52,491038000,-0.09570384089,0.2075259192
2017-03-25,2017-12,972.78,435803000,-0.06169338503,0.07169591391
2017-03-26,2017-13,966.73,303668000,0,0
2017-03-27,2017-13,1045.77,372535000,0.08176016054,0.2267838561
2017-03-28,2017-13,1047.15,326332000,0.08318765322,0.07463413992
2017-03-29,2017-13,1039.97,298458000,0.07576055362,-0.01715689503
2017-03-30,2017-13,1026.43,352969000,0.0617545747,0.1623516472
2017-03-31,2017-13,1071.79,447287000,0.1086756385,0.4729474294
2017-04-01,2017-13,1080.5,289634000,0.117685393,-0.04621494527
2017-04-02,2017-14,1102.17,514187000,0,0
2017-04-03,2017-14,1143.81,580444000,0.03778001579,0.1288577891
2017-04-04,2017-14,1133.25,436310000,0.02819891668,-0.1514565712
2017-04-05,2017-14,1124.78,414784000,0.02051407678,-0.1933207179
2017-04-06,2017-14,1182.68,511222000,0.07304680766,-0.005766384603
2017-04-07,2017-14,1176.9,317022000,0.06780260758,-0.38344999
2017-04-08,2017-14,1175.95,209312000,0.06694067158,-0.5929263089
2017-04-09,2017-15,1187.87,242343000,0,0
2017-04-10,2017-15,1187.13,215883000,-0.0006229637923,-0.1091840903
2017-04-11,2017-15,1205.01,216182000,0.01442918838,-0.1079503018
2017-04-12,2017-15,1200.37,288702000,0.01052303703,0.1912949827
2017-04-13,2017-15,1169.28,351969000,-0.01564986067,0.4523588468
2017-04-14,2017-15,1167.54,254827000,-0.01711466743,0.05151376355
2017-04-15,2017-15,1172.52,203559000,-0.01292228948,-0.1600376326
2017-04-16,2017-16,1182.94,183231000,0,0
2017-04-17,2017-16,1193.91,253206000,0.009273504996,0.381894985
2017-04-18,2017-16,1211.67,270524000,0.02428694608,0.4764095595
2017-04-19,2017-16,1210.29,288061000,0.02312036113,0.5721193466
2017-04-20,2017-16,1229.08,315108000,0.03900451418,0.7197308316
2017-04-21,2017-16,1222.05,272167000,0.03306169375,0.4853763828
2017-04-22,2017-16,1231.71,249320000,0.04122778839,0.3606867833
2017-04-23,2017-17,1207.21,258951000,0,0
2017-04-24,2017-17,1250.15,235806000,0.0355696192,-0.08937984406
2017-04-25,2017-17,1265.49,242556000,0.04827660473,-0.06331313646
2017-04-26,2017-17,1281.08,329631000,0.06119067933,0.2729473916
2017-04-27,2017-17,1317.73,449197000,0.09154993746,0.734679534
2017-04-28,2017-17,1316.48,527489000,0.09051449209,1.037022448
2017-04-29,2017-17,1321.79,422706000,0.09491306401,0.6323783264
2017-04-30,2017-18,1347.89,413115000,0,0
2017-05-01,2017-18,1421.6,713624000,0.05468547137,0.7274221464
2017-05-02,2017-18,1452.82,477338000,0.07784759884,0.155460344
2017-05-03,2017-18,1490.09,583796000,0.1054982231,0.413156143
2017-05-04,2017-18,1537.67,933549000,0.1407978396,1.259779964
2017-05-05,2017-18,1555.45,946036000,0.153988827,1.290006415
2017-05-06,2017-18,1578.8,582530000,0.1713121991,0.410091621
2017-05-07,2017-19,1596.71,1080030000,0,0
2017-05-08,2017-19,1723.35,1340320000,0.07931308754,0.2410025647
2017-05-09,2017-19,1755.36,1167920000,0.09936056015,0.08137736915
2017-05-10,2017-19,1787.13,915723000,0.1192577237,-0.1521318852
2017-05-11,2017-19,1848.57,799490000,0.1577368464,-0.2597520439
2017-05-12,2017-19,1724.24,740984000,0.07987048368,-0.3139227614
2017-05-13,2017-19,1804.91,579635000,0.1303931209,-0.4633158338
2017-05-14,2017-20,1808.91,437196000,0,0
2017-05-15,2017-20,1738.43,731529000,-0.03896269024,0.6732289408
2017-05-16,2017-20,1734.45,959045000,-0.04116291026,1.193627115
2017-05-17,2017-20,1839.09,1064730000,0.01668408047,1.435360799
2017-05-18,2017-20,1888.65,894321000,0.04408179511,1.045583674
2017-05-19,2017-20,1987.71,1157290000,0.09884405526,1.647073624
2017-05-20,2017-20,2084.73,961336000,0.1524785644,1.198867327
2017-05-21,2017-21,2041.2,1147860000,0,0
2017-05-22,2017-21,2173.4,1942220000,0.06476582403,0.6920356141
2017-05-23,2017-21,2320.42,1378750000,0.1367920831,0.2011482237
2017-05-24,2017-21,2443.64,1725380000,0.1971585342,0.5031275591
2017-05-25,2017-21,2304.98,2406700000,0.1292279052,1.096684265
2017-05-26,2017-21,2202.42,1763480000,0.07898295121,0.5363197602
2017-05-27,2017-21,2038.87,1700480000,-0.001141485401,0.4814350182
2017-05-28,2017-22,2155.8,1147140000,0,0
2017-05-29,2017-22,2255.61,994625000,0.04629835792,-0.1329523859
2017-05-30,2017-22,2175.47,1443970000,0.009124223026,0.2587565598
2017-05-31,2017-22,2286.41,1544830000,0.06058539753,0.3466795683
2017-06-01,2017-22,2407.88,1653180000,0.1169310697,0.4411318584
2017-06-02,2017-22,2488.55,1317030000,0.154351053,0.1480987499
2017-06-03,2017-22,2515.35,1514950000,0.1667826329,0.3206321809
2017-06-04,2017-23,2511.81,1355120000,0,0
2017-06-05,2017-23,2686.81,1369310000,0.06967087479,0.01047139737
2017-06-06,2017-23,2863.2,2089610000,0.1398951354,0.5420110396
2017-06-07,2017-23,2732.16,1517710000,0.08772558434,0.1199819942
2017-06-08,2017-23,2805.62,1281170000,0.116971427,-0.05457081292
2017-06-09,2017-23,2823.81,1348950000,0.1242132168,-0.004553102308
2017-06-10,2017-23,2947.71,2018890000,0.1735401961,0.4898237794
2017-06-11,2017-24,2958.11,1752400000,0,0
2017-06-12,2017-24,2659.63,2569530000,-0.1009022653,0.4662919425
2017-06-13,2017-24,2717.02,1781200000,-0.08150136405,0.01643460397
2017-06-14,2017-24,2506.37,1696560000,-0.1527123738,-0.03186487103
2017-06-15,2017-24,2464.58,2026260000,-0.1668396375,0.1562771057
2017-06-16,2017-24,2518.56,1195190000,-0.1485914993,-0.3179696416
2017-06-17,2017-24,2655.88,1534510000,-0.1021699666,-0.1243380507
2017-06-18,2017-25,2548.29,1178660000,0,0
2017-06-19,2017-25,2589.6,1446840000,0.01621087082,0.2275295675
2017-06-20,2017-25,2721.79,1854190000,0.0680848726,0.5731338978
2017-06-21,2017-25,2689.1,1626580000,0.05525666231,0.3800247739
2017-06-22,2017-25,2705.41,1097940000,0.06165703276,-0.06848455025
2017-06-23,2017-25,2744.91,961319000,0.07715762335,-0.1843966878
2017-06-24,2017-25,2608.72,982750000,0.02371394151,-0.1662141754